Arch	Gen	Opcode	Frmt	Hex	Oper	Inst	lista
1	DOS	NOPR	RR	070.	R2	NOGRK	KO
1	DOS	BOR	RR	071.	R2	BIC	KO
1	DOS	BHR	RR	072.	R2	BCTR	KO
1	DOS	BPR	RR	072.	R2	BPP	KO
1	DOS	BLR	RR	074.	R2	BIC	KO
1	DOS	BMR	RR	074.	R2	BIC	KO
1	DOS	BNER	RR	077.	R2	BIC	KO
1	DOS	BNZR	RR	077.	R2	BIC	KO
1	DOS	BER	RR	078.	R2	BCTR	KO
1	DOS	BZR	RR	078.	R2	BXLEG	KO
1	DOS	BNLR	RR	07B.	R2	BIC	KO
1	DOS	BNMR	RR	07B.	R2	BIC	KO
1	DOS	BNHR	RR	07D.	R2	BIC	KO
1	DOS	BNPR	RR	07D.	R2	BIC	KO
1	DOS	BNOR	RR	07E.	R2	BIC	KO
1	DOS	BR	RR	07F.	R2	BPRP	KO
1	DOS	SSK	RR	08	R1,R2	SSCH	KO
1	DOS	ISK	RR	09	R1,R2	IRBM	KO
1	DOS	NOP	RX	470.	D2(X2,B2)	NOGRK	KO
1	DOS	BO	RX	471.	D2(X2,B2)	BIC	KO
1	DOS	BH	RX	472.	D2(X2,B2)	BCTR	KO
1	DOS	BP	RX	472.	D2(X2,B2)	BIC	KO
1	DOS	BL	RX	474.	D2(X2,B2)	BIC	KO
1	DOS	BM	RX	474.	D2(X2,B2)	BIC	KO
1	DOS	BNE	RX	477.	D2(X2,B2)	BIC	KO
1	DOS	BNZ	RX	477.	D2(X2,B2)	BIC	KO
1	DOS	BE	RX	478.	D2(X2,B2)	BCTR	KO
1	DOS	BZ	RX	478.	D2(X2,B2)	BXLEG	KO
1	DOS	BNL	RX	47B.	D2(X2,B2)	BIC	KO
1	DOS	BNM	RX	47B.	D2(X2,B2)	BIC	KO
1	DOS	BNH	RX	47D.	D2(X2,B2)	BIC	KO
1	DOS	BNP	RX	47D.	D2(X2,B2)	BIC	KO
1	DOS	BNO	RX	47E.	D2(X2,B2)	BIC	KO
1	DOS	B	RX	47F.	D2(X2,B2)	AY	KO
4	ESA	JXH	RSI	84	R1,R3,I2	IVSK	KO
1	DOS	WRD	SI	84	D1(B1),I2	WFK	KO
4	ESA	JXLE	RSI	85	R1,R3,I2	IVSK	KO
1	DOS	RDD	SI	85	D1(B1),I2	RCHP	KO
1	DOS	SIO	S	9C00	D2(B2)	SIGP	KO
1	DOS	SIOF	S	9C01	D2(B2)	SIGP	KO
2	370	RIO	S	9C02	D2(B2)	RCHP	KO
1	DOS	TIO	S	9D00	D2(B2)	THDR	KO
1	DOS	CLRIO	S	9D01	D2(B2)	CLRB	KO
1	DOS	HIO	S	9E00	D2(B2)	HER	KO
1	DOS	HDV	S	9E01	D2(B2)	HDR	KO
1	DOS	TCH	S	9F00	D2(B2)	TCEB	KO
2	370	CLRCH	S	9F01	D2(B2)	CLRB	KO
4	ESA	JC	RI	A7.4	M1,RI2	IVSK	KO
4	ESA	JAS	RI	A7.5	R1,RI2	IVSK	KO
4	ESA	JCT	RI	A7.6	R1,RI2	IVSK	KO
5	ZOP	JCTG	RI	A7.7	R1,RI2	IVSK	KO
4	ESA	JNOP	RI	A704	RI2	IVSK	KO
4	ESA	BRO	RI	A714	RI2	BRCTH	KO
4	ESA	JO	RI	A714	RI2	IVSK	KO
4	ESA	BRH	RI	A724	RI2	BRCTH	KO
4	ESA	BRP	RI	A724	RI2	BRCTH	KO
4	ESA	JH	RI	A724	RI2	IVSK	KO
4	ESA	JP	RI	A724	RI2	IVSK	KO
4	ESA	BRL	RI	A744	RI2	BRCTH	KO
4	ESA	BRM	RI	A744	RI2	BRCTH	KO
4	ESA	JL	RI	A744	RI2	IVSK	KO
4	ESA	JM	RI	A744	RI2	IVSK	KO
4	ESA	BRNE	RI	A774	RI2	BRCTH	KO
4	ESA	BRNZ	RI	A774	RI2	BRCTH	KO
4	ESA	JNE	RI	A774	RI2	IVSK	KO
4	ESA	JNZ	RI	A774	RI2	IVSK	KO
4	ESA	BRE	RI	A784	RI2	BRCTH	KO
4	ESA	BRZ	RI	A784	RI2	BRXLG	KO
4	ESA	JE	RI	A784	RI2	IVSK	KO
4	ESA	JZ	RI	A784	RI2	IVSK	KO
4	ESA	BRNL	RI	A7B4	RI2	BRCTH	KO
4	ESA	BRNM	RI	A7B4	RI2	BRCTH	KO
4	ESA	JNL	RI	A7B4	RI2	IVSK	KO
4	ESA	JNM	RI	A7B4	RI2	IVSK	KO
4	ESA	BRNH	RI	A7D4	RI2	BRCTH	KO
4	ESA	BRNP	RI	A7D4	RI2	BRCTH	KO
4	ESA	JNH	RI	A7D4	RI2	IVSK	KO
4	ESA	JNP	RI	A7D4	RI2	IVSK	KO
4	ESA	BRNO	RI	A7E4	RI2	BRCTH	KO
4	ESA	JNO	RI	A7E4	RI2	IVSK	KO
4	ESA	BRU	RI	A7F4	RI2	BRCTH	KO
4	ESA	J	RI	A7F4	RI2	IVSK	KO
2	370	CONCS	S	B200	D2(B2)	CMPSC	KO
2	370	DISCS	S	B201	D2(B2)	DIEBR	KO
1	DOS	STIDC	S	B203	D2(B2)	STHY	KO
1	DOS	RRB	S	B213	D2(B2)	RP	KO
8	ZS4	LPP	S	B280	D2(B2)	LPGR	KO
8	ZS4	LCCTL	S	B284	D2(B2)	LCBB	KO
8	ZS4	LPCTL	S	B285	D2(B2)	LOCR	KO
8	ZS4	QSI	S	B286	D2(B2)	QAXTR	KO
8	ZS4	LSCTL	S	B287	D2(B2)	LRVR	KO
8	ZS4	QCTRI	S	B28E	D2(B2)	QAXTR	KO
8	ZS4	SCCTR	RRE	B2E0	R1,R2	SAR	KO
8	ZS4	SPCTR	RRE	B2E1	R1,R2	SP	KO
8	ZS4	ECCTR	RRE	B2E4	R1,R2	ECAG	KO
8	ZS4	EPCTR	RRE	B2E5	R1,R2	EPAR	KO
8	ZS4	ECPGA	RRE	B2ED	R1,R2	ECAG	KO
13	ZS9	SORTL	RRE	B938	R1,R2	SLY	KO
10	ZS6	PPNO	RRE	B93C	R1,R2	PPA	KO
8	ZS4	CGRTE	RRF	B960	R1,R2	CGRT	KO
8	ZS4	CGRTH	RRF	B960	R1,R2	CGRT	KO
8	ZS4	CGRTL	RRF	B960	R1,R2	CGRT	KO
8	ZS4	CGRTNE	RRF	B960	R1,R2	CGRT	KO
8	ZS4	CGRTNH	RRF	B960	R1,R2	CGRT	KO
8	ZS4	CGRTNL	RRF	B960	R1,R2	CGRT	KO
8	ZS4	CLGRTE	RRF	B961	R1,R2	CLGRT	KO
8	ZS4	CLGRTH	RRF	B961	R1,R2	CLGRT	KO
8	ZS4	CLGRTL	RRF	B961	R1,R2	CLGRT	KO
8	ZS4	CLGRTNE	RRF	B961	R1,R2	CLGRT	KO
8	ZS4	CLGRTNH	RRF	B961	R1,R2	CLGRT	KO
8	ZS4	CLGRTNL	RRF	B961	R1,R2	CLGRT	KO
13	ZS9	NOTGR	RRF	B966	R1,R2	NORK	KO
8	ZS4	CRTE	RRF	B972	R1,R2	CRT	KO
8	ZS4	CRTH	RRF	B972	R1,R2	CRT	KO
8	ZS4	CRTL	RRF	B972	R1,R2	CRT	KO
8	ZS4	CRTNE	RRF	B972	R1,R2	CRT	KO
8	ZS4	CRTNH	RRF	B972	R1,R2	CRT	KO
8	ZS4	CRTNL	RRF	B972	R1,R2	CRT	KO
8	ZS4	CLRTE	RRF	B973	R1,R2	CLRT	KO
8	ZS4	CLRTH	RRF	B973	R1,R2	CLRT	KO
8	ZS4	CLRTL	RRF	B973	R1,R2	CLRT	KO
8	ZS4	CLRTNE	RRF	B973	R1,R2	CLRT	KO
8	ZS4	CLRTNH	RRF	B973	R1,R2	CLRT	KO
8	ZS4	CLRTNL	RRF	B973	R1,R2	CLRT	KO
13	ZS9	NOTR	RRF	B976	R1,R2	NORK	KO
13	ZS9	SELFHRE	RRF	B9C0	R1,R2,R3	SELFHR	KO
13	ZS9	SELFHRH	RRF	B9C0	R1,R2,R3	SELFHR	KO
13	ZS9	SELFHRL	RRF	B9C0	R1,R2,R3	SELFHR	KO
13	ZS9	SELFHRM	RRF	B9C0	R1,R2,R3	SELFHR	KO
13	ZS9	SELFHRNE	RRF	B9C0	R1,R2,R3	SELFHR	KO
13	ZS9	SELFHRNH	RRF	B9C0	R1,R2,R3	SELFHR	KO
13	ZS9	SELFHRNL	RRF	B9C0	R1,R2,R3	SELFHR	KO
13	ZS9	SELFHRNM	RRF	B9C0	R1,R2,R3	SELFHR	KO
13	ZS9	SELFHRNO	RRF	B9C0	R1,R2,R3	SELFHR	KO
13	ZS9	SELFHRNP	RRF	B9C0	R1,R2,R3	SELFHR	KO
13	ZS9	SELFHRNZ	RRF	B9C0	R1,R2,R3	SELFHR	KO
13	ZS9	SELFHRO	RRF	B9C0	R1,R2,R3	SELFHR	KO
13	ZS9	SELFHRP	RRF	B9C0	R1,R2,R3	SELFHR	KO
13	ZS9	SELFHRZ	RRF	B9C0	R1,R2,R3	SELFHR	KO
11	ZS7	LOCFHRE	RRF	B9E0	R1,R2	LOCFHR	KO
11	ZS7	LOCFHRH	RRF	B9E0	R1,R2	LOCFHR	KO
11	ZS7	LOCFHRL	RRF	B9E0	R1,R2	LOCFHR	KO
11	ZS7	LOCFHRM	RRF	B9E0	R1,R2	LOCFHR	KO
11	ZS7	LOCFHRNE	RRF	B9E0	R1,R2	LOCFHR	KO
11	ZS7	LOCFHRNH	RRF	B9E0	R1,R2	LOCFHR	KO
11	ZS7	LOCFHRNL	RRF	B9E0	R1,R2	LOCFHR	KO
11	ZS7	LOCFHRNM	RRF	B9E0	R1,R2	LOCFHR	KO
11	ZS7	LOCFHRNO	RRF	B9E0	R1,R2	LOCFHR	KO
11	ZS7	LOCFHRNP	RRF	B9E0	R1,R2	LOCFHR	KO
11	ZS7	LOCFHRNZ	RRF	B9E0	R1,R2	LOCFHR	KO
11	ZS7	LOCFHRO	RRF	B9E0	R1,R2	LOCFHR	KO
11	ZS7	LOCFHRP	RRF	B9E0	R1,R2	LOCFHR	KO
11	ZS7	LOCFHRZ	RRF	B9E0	R1,R2	LOCFHR	KO
9	ZS5	LOCGRE	RRF	B9E2	R1,R2	LOCGR	KO
9	ZS5	LOCGRH	RRF	B9E2	R1,R2	LOCGR	KO
9	ZS5	LOCGRL	RRF	B9E2	R1,R2	LOCGR	KO
11	ZS7	LOCGRM	RRF	B9E2	R1,R2	LOCGR	KO
9	ZS5	LOCGRNE	RRF	B9E2	R1,R2	LOCGR	KO
9	ZS5	LOCGRNH	RRF	B9E2	R1,R2	LOCGR	KO
9	ZS5	LOCGRNL	RRF	B9E2	R1,R2	LOCGR	KO
11	ZS7	LOCGRNM	RRF	B9E2	R1,R2	LOCGR	KO
11	ZS7	LOCGRNO	RRF	B9E2	R1,R2	LOCGR	KO
11	ZS7	LOCGRNP	RRF	B9E2	R1,R2	LOCGR	KO
11	ZS7	LOCGRNZ	RRF	B9E2	R1,R2	LOCGR	KO
11	ZS7	LOCGRO	RRF	B9E2	R1,R2	LOCGR	KO
11	ZS7	LOCGRP	RRF	B9E2	R1,R2	LOCGR	KO
11	ZS7	LOCGRZ	RRF	B9E2	R1,R2	LOCGR	KO
13	ZS9	SELGRE	RRF	B9E3	R1,R2,R3	SELGR	KO
13	ZS9	SELGRH	RRF	B9E3	R1,R2,R3	SELGR	KO
13	ZS9	SELGRL	RRF	B9E3	R1,R2,R3	SELGR	KO
13	ZS9	SELGRM	RRF	B9E3	R1,R2,R3	SELGR	KO
13	ZS9	SELGRNE	RRF	B9E3	R1,R2,R3	SELGR	KO
13	ZS9	SELGRNH	RRF	B9E3	R1,R2,R3	SELGR	KO
13	ZS9	SELGRNL	RRF	B9E3	R1,R2,R3	SELGR	KO
13	ZS9	SELGRNM	RRF	B9E3	R1,R2,R3	SELGR	KO
13	ZS9	SELGRNO	RRF	B9E3	R1,R2,R3	SELGR	KO
13	ZS9	SELGRNP	RRF	B9E3	R1,R2,R3	SELGR	KO
13	ZS9	SELGRNZ	RRF	B9E3	R1,R2,R3	SELGR	KO
13	ZS9	SELGRO	RRF	B9E3	R1,R2,R3	SELGR	KO
13	ZS9	SELGRP	RRF	B9E3	R1,R2,R3	SELGR	KO
13	ZS9	SELGRZ	RRF	B9E3	R1,R2,R3	SELGR	KO
13	ZS9	SELRE	RRF	B9F0	R1,R2,R3	SELR	KO
13	ZS9	SELRH	RRF	B9F0	R1,R2,R3	SELR	KO
13	ZS9	SELRL	RRF	B9F0	R1,R2,R3	SELR	KO
13	ZS9	SELRM	RRF	B9F0	R1,R2,R3	SELR	KO
13	ZS9	SELRNE	RRF	B9F0	R1,R2,R3	SELR	KO
13	ZS9	SELRNH	RRF	B9F0	R1,R2,R3	SELR	KO
13	ZS9	SELRNL	RRF	B9F0	R1,R2,R3	SELR	KO
13	ZS9	SELRNM	RRF	B9F0	R1,R2,R3	SELR	KO
13	ZS9	SELRNO	RRF	B9F0	R1,R2,R3	SELR	KO
13	ZS9	SELRNP	RRF	B9F0	R1,R2,R3	SELR	KO
13	ZS9	SELRNZ	RRF	B9F0	R1,R2,R3	SELR	KO
13	ZS9	SELRO	RRF	B9F0	R1,R2,R3	SELR	KO
13	ZS9	SELRP	RRF	B9F0	R1,R2,R3	SELR	KO
13	ZS9	SELRZ	RRF	B9F0	R1,R2,R3	SELR	KO
9	ZS5	LOCRE	RRF	B9F2	R1,R2	LOCR	KO
9	ZS5	LOCRH	RRF	B9F2	R1,R2	LOCR	KO
9	ZS5	LOCRL	RRF	B9F2	R1,R2	LOCR	KO
11	ZS7	LOCRM	RRF	B9F2	R1,R2	LOCR	KO
9	ZS5	LOCRNE	RRF	B9F2	R1,R2	LOCR	KO
9	ZS5	LOCRNH	RRF	B9F2	R1,R2	LOCR	KO
9	ZS5	LOCRNL	RRF	B9F2	R1,R2	LOCR	KO
11	ZS7	LOCRNM	RRF	B9F2	R1,R2	LOCR	KO
11	ZS7	LOCRNO	RRF	B9F2	R1,R2	LOCR	KO
11	ZS7	LOCRNP	RRF	B9F2	R1,R2	LOCR	KO
11	ZS7	LOCRNZ	RRF	B9F2	R1,R2	LOCR	KO
11	ZS7	LOCRO	RRF	B9F2	R1,R2	LOCR	KO
11	ZS7	LOCRP	RRF	B9F2	R1,R2	LOCR	KO
11	ZS7	LOCRZ	RRF	B9F2	R1,R2	LOCR	KO
4	ESA	JLC	RIL	C0.4	M1,RI2	IVSK	KO
4	ESA	JASL	RIL	C0.5	R1,RI2	IVSK	KO
4	ESA	JLNOP	RIL	C004	RI2	IVSK	KO
5	ZOP	BROL	RIL	C014	RI2	BRCTH	KO
5	ZOP	JLO	RIL	C014	RI2	IVSK	KO
5	ZOP	BRHL	RIL	C024	RI2	BRCTH	KO
5	ZOP	BRPL	RIL	C024	RI2	BRCTH	KO
5	ZOP	JLH	RIL	C024	RI2	IVSK	KO
5	ZOP	JLP	RIL	C024	RI2	IVSK	KO
5	ZOP	BRLL	RIL	C044	RI2	BRCTH	KO
5	ZOP	BRML	RIL	C044	RI2	BRCTH	KO
5	ZOP	JLL	RIL	C044	RI2	IVSK	KO
5	ZOP	JLM	RIL	C044	RI2	IVSK	KO
5	ZOP	BRNEL	RIL	C074	RI2	BRCTH	KO
5	ZOP	BRNZL	RIL	C074	RI2	BRCTH	KO
5	ZOP	JLNE	RIL	C074	RI2	IVSK	KO
5	ZOP	JLNZ	RIL	C074	RI2	IVSK	KO
5	ZOP	BREL	RIL	C084	RI2	BRCTH	KO
5	ZOP	BRZL	RIL	C084	RI2	BRXLG	KO
5	ZOP	JLE	RIL	C084	RI2	IVSK	KO
5	ZOP	JLZ	RIL	C084	RI2	IVSK	KO
5	ZOP	BRNLL	RIL	C0B4	RI2	BRCTH	KO
5	ZOP	BRNML	RIL	C0B4	RI2	BRCTH	KO
5	ZOP	JLNL	RIL	C0B4	RI2	IVSK	KO
5	ZOP	JLNM	RIL	C0B4	RI2	IVSK	KO
5	ZOP	BRNHL	RIL	C0D4	RI2	BRCTH	KO
5	ZOP	BRNPL	RIL	C0D4	RI2	BRCTH	KO
5	ZOP	JLNH	RIL	C0D4	RI2	IVSK	KO
5	ZOP	JLNP	RIL	C0D4	RI2	IVSK	KO
5	ZOP	BRNOL	RIL	C0E4	RI2	BRCTH	KO
5	ZOP	JLNO	RIL	C0E4	RI2	IVSK	KO
5	ZOP	BRUL	RIL	C0F4	RI2	BRCTH	KO
5	ZOP	JLU	RIL	C0F4	RI2	IVSK	KO
9	ZS5	JCTH	RIL	CC.6	R1,RI2	IVSK	KO
12	ZS8	BI	RXY	E347	D2(X2,B2)	BCTR	KO
12	ZS8	BIE	RXY	E347	D2(X2,B2)	BIC	KO
12	ZS8	BIH	RXY	E347	D2(X2,B2)	BIC	KO
12	ZS8	BIL	RXY	E347	D2(X2,B2)	BIC	KO
12	ZS8	BIM	RXY	E347	D2(X2,B2)	BIC	KO
12	ZS8	BINE	RXY	E347	D2(X2,B2)	BIC	KO
12	ZS8	BINH	RXY	E347	D2(X2,B2)	BIC	KO
12	ZS8	BINL	RXY	E347	D2(X2,B2)	BIC	KO
12	ZS8	BINM	RXY	E347	D2(X2,B2)	BIC	KO
12	ZS8	BINO	RXY	E347	D2(X2,B2)	BIC	KO
12	ZS8	BINP	RXY	E347	D2(X2,B2)	BIC	KO
12	ZS8	BINZ	RXY	E347	D2(X2,B2)	BIC	KO
12	ZS8	BIO	RXY	E347	D2(X2,B2)	BIC	KO
12	ZS8	BIP	RXY	E347	D2(X2,B2)	BIC	KO
12	ZS8	BIZ	RXY	E347	D2(X2,B2)	BIC	KO
13	ZS9	LDRV	VRX	E604	V1,D2(X2,B2)	LDR	KO
13	ZS9	LERV	VRX	E604	V1,D2(X2,B2)	LER	KO
13	ZS9	VLLEBRZE	VRX	E604	V1,D2(X2,B2)	VLLEBRZ	KO
13	ZS9	VLLEBRZF	VRX	E604	V1,D2(X2,B2)	VLLEBRZ	KO
13	ZS9	VLLEBRZG	VRX	E604	V1,D2(X2,B2)	VLLEBRZ	KO
13	ZS9	VLLEBRZH	VRX	E604	V1,D2(X2,B2)	VLLEBRZ	KO
13	ZS9	VLBRREPF	VRX	E605	V1,D2(X2,B2)	VLBRREP	KO
13	ZS9	VLBRREPG	VRX	E605	V1,D2(X2,B2)	VLBRREP	KO
13	ZS9	VLBRREPH	VRX	E605	V1,D2(X2,B2)	VLBRREP	KO
13	ZS9	VLBRF	VRX	E606	V1,D2(X2,B2)	VLBR	KO
13	ZS9	VLBRG	VRX	E606	V1,D2(X2,B2)	VLBR	KO
13	ZS9	VLBRH	VRX	E606	V1,D2(X2,B2)	VLBR	KO
13	ZS9	VLBRQ	VRX	E606	V1,D2(X2,B2)	VLBR	KO
13	ZS9	VLER	VRX	E607	V1,D2(X2,B2),M3	VLEBRH	KO
13	ZS9	VLERF	VRX	E607	V1,D2(X2,B2)	VLEBRH	KO
13	ZS9	VLERG	VRX	E607	V1,D2(X2,B2)	VLEBRH	KO
13	ZS9	VLERH	VRX	E607	V1,D2(X2,B2)	VLEBRH	KO
13	ZS9	STDRV	VRX	E60A	V1,D2(X2,B2)	STD	KO
13	ZS9	STERV	VRX	E60B	V1,D2(X2,B2)	STE	KO
13	ZS9	VSTBRF	VRX	E60E	V1,D2(X2,B2)	VSTBR	KO
13	ZS9	VSTBRG	VRX	E60E	V1,D2(X2,B2)	VSTBR	KO
13	ZS9	VSTBRH	VRX	E60E	V1,D2(X2,B2)	VSTBR	KO
13	ZS9	VSTBRQ	VRX	E60E	V1,D2(X2,B2)	VSTBR	KO
13	ZS9	VSTERF	VRX	E60F	V1,D2(X2,B2)	VSTER	KO
13	ZS9	VSTERG	VRX	E60F	V1,D2(X2,B2)	VSTER	KO
13	ZS9	VSTERH	VRX	E60F	V1,D2(X2,B2)	VSTER	KO
12	ZS8	VLIP	VRI	E649	V1,I2,I3	VLEBRH	KO
11	ZS7	VLEH	VRX	E701	V1,D2(X2,B2),M3	VLEBRH	KO
11	ZS7	VLEG	VRX	E702	V1,D2(X2,B2),M3	VLEBRH	KO
11	ZS7	VLEF	VRX	E703	V1,D2(X2,B2),M3	VLEBRH	KO
11	ZS7	VLLEZB	VRX	E704	V1,D2(X2,B2)	VLLEZ	KO
11	ZS7	VLLEZF	VRX	E704	V1,D2(X2,B2)	VLLEZ	KO
11	ZS7	VLLEZG	VRX	E704	V1,D2(X2,B2)	VLLEZ	KO
11	ZS7	VLLEZH	VRX	E704	V1,D2(X2,B2)	VLLEZ	KO
12	ZS8	VLLEZLF	VRX	E704	V1,D2(X2,B2)	VLLEZ	KO
11	ZS7	VLREPB	VRX	E705	V1,D2(X2,B2)	VLREP	KO
11	ZS7	VLREPF	VRX	E705	V1,D2(X2,B2)	VLREP	KO
11	ZS7	VLREPG	VRX	E705	V1,D2(X2,B2)	VLREP	KO
11	ZS7	VLREPH	VRX	E705	V1,D2(X2,B2)	VLREP	KO
11	ZS7	VLGV	VRS	E721	R1,V3,D2(B2),M4	VLEBRH	KO
11	ZS7	VLGVB	VRS	E721	R1,V3,D2(B2)	VLEBRH	KO
11	ZS7	VLGVF	VRS	E721	R1,V3,D2(B2)	VLEBRH	KO
11	ZS7	VLGVG	VRS	E721	R1,V3,D2(B2)	VLEBRH	KO
11	ZS7	VLGVH	VRS	E721	R1,V3,D2(B2)	VLEBRH	KO
11	ZS7	VLVGB	VRS	E722	V1,R3,D2(B2)	VLVG	KO
11	ZS7	VLVGF	VRS	E722	V1,R3,D2(B2)	VLVG	KO
11	ZS7	VLVGG	VRS	E722	V1,R3,D2(B2)	VLVG	KO
11	ZS7	VLVGH	VRS	E722	V1,R3,D2(B2)	VLVG	KO
11	ZS7	VESLB	VRS	E730	V1,V3,D2(B2)	VESL	KO
11	ZS7	VESLF	VRS	E730	V1,V3,D2(B2)	VESL	KO
11	ZS7	VESLG	VRS	E730	V1,V3,D2(B2)	VESL	KO
11	ZS7	VESLH	VRS	E730	V1,V3,D2(B2)	VESL	KO
11	ZS7	VERLLB	VRS	E733	V1,V3,D2(B2)	VERLL	KO
11	ZS7	VERLLF	VRS	E733	V1,V3,D2(B2)	VERLL	KO
11	ZS7	VERLLG	VRS	E733	V1,V3,D2(B2)	VERLL	KO
11	ZS7	VERLLH	VRS	E733	V1,V3,D2(B2)	VERLL	KO
11	ZS7	VLL	VRS	E737	V1,R3,D2(B2)	VLEBRH	KO
11	ZS7	VESRLB	VRS	E738	V1,V3,D2(B2)	VESRL	KO
11	ZS7	VESRLF	VRS	E738	V1,V3,D2(B2)	VESRL	KO
11	ZS7	VESRLG	VRS	E738	V1,V3,D2(B2)	VESRL	KO
11	ZS7	VESRLH	VRS	E738	V1,V3,D2(B2)	VESRL	KO
11	ZS7	VESRAB	VRS	E73A	V1,V3,D2(B2)	VESRA	KO
11	ZS7	VESRAF	VRS	E73A	V1,V3,D2(B2)	VESRA	KO
11	ZS7	VESRAG	VRS	E73A	V1,V3,D2(B2)	VESRA	KO
11	ZS7	VESRAH	VRS	E73A	V1,V3,D2(B2)	VESRA	KO
11	ZS7	VLEIB	VRI	E740	V1,I2,M3	VLEBRH	KO
11	ZS7	VLEIH	VRI	E741	V1,I2,M3	VLEBRH	KO
11	ZS7	VLEIG	VRI	E742	V1,I2,M3	VLEBRH	KO
11	ZS7	VLEIF	VRI	E743	V1,I2,M3	VLEBRH	KO
11	ZS7	VONE	VRI	E744	V1	VOC	KO
11	ZS7	VZERO	VRI	E744	V1	VX	KO
11	ZS7	VREPIB	VRI	E745	V1,I2	VREPI	KO
11	ZS7	VREPIF	VRI	E745	V1,I2	VREPI	KO
11	ZS7	VREPIG	VRI	E745	V1,I2	VREPI	KO
11	ZS7	VREPIH	VRI	E745	V1,I2	VREPI	KO
11	ZS7	VGMB	VRI	E746	V1,I2,I3	VGM	KO
11	ZS7	VGMF	VRI	E746	V1,I2,I3	VGM	KO
11	ZS7	VGMG	VRI	E746	V1,I2,I3	VGM	KO
11	ZS7	VGMH	VRI	E746	V1,I2,I3	VGM	KO
11	ZS7	VFTCIDB	VRI	E74A	V1,V2,I3	VFTCI	KO
12	ZS8	VFTCISB	VRI	E74A	V1,V2,I3	VFTCI	KO
11	ZS7	WFTCIDB	VRI	E74A	V1,V2,I3	WFK	KO
12	ZS8	WFTCISB	VRI	E74A	V1,V2,I3	WFK	KO
12	ZS8	WFTCIXB	VRI	E74A	V1,V2,I3	WFK	KO
11	ZS7	VREPB	VRI	E74D	V1,V3,I2	VREP	KO
11	ZS7	VREPF	VRI	E74D	V1,V3,I2	VREP	KO
11	ZS7	VREPG	VRI	E74D	V1,V3,I2	VREP	KO
11	ZS7	VREPH	VRI	E74D	V1,V3,I2	VREP	KO
12	ZS8	VPOPCTB	VRR	E750	V1,V2	VPOPCT	KO
12	ZS8	VPOPCTF	VRR	E750	V1,V2	VPOPCT	KO
12	ZS8	VPOPCTG	VRR	E750	V1,V2	VPOPCT	KO
12	ZS8	VPOPCTH	VRR	E750	V1,V2	VPOPCT	KO
11	ZS7	VCTZB	VRR	E752	V1,V2	VCTZ	KO
11	ZS7	VCTZF	VRR	E752	V1,V2	VCTZ	KO
11	ZS7	VCTZG	VRR	E752	V1,V2	VCTZ	KO
11	ZS7	VCTZH	VRR	E752	V1,V2	VCTZ	KO
11	ZS7	VCLZB	VRR	E753	V1,V2	VCLZ	KO
11	ZS7	VCLZF	VRR	E753	V1,V2	VCLZ	KO
11	ZS7	VCLZG	VRR	E753	V1,V2	VCLZ	KO
11	ZS7	VCLZH	VRR	E753	V1,V2	VCLZ	KO
11	ZS7	VISTRB	VRR	E75C	V1,V2<,M5>	VISTR	KO
11	ZS7	VISTRBS	VRR	E75C	V1,V2	VISTR	KO
11	ZS7	VISTRF	VRR	E75C	V1,V2<,M5>	VISTR	KO
11	ZS7	VISTRFS	VRR	E75C	V1,V2	VISTR	KO
11	ZS7	VISTRH	VRR	E75C	V1,V2<,M5>	VISTR	KO
11	ZS7	VISTRHS	VRR	E75C	V1,V2	VISTR	KO
11	ZS7	VSEGB	VRR	E75F	V1,V2	VSEG	KO
11	ZS7	VSEGF	VRR	E75F	V1,V2	VSEG	KO
11	ZS7	VSEGH	VRR	E75F	V1,V2	VSEG	KO
11	ZS7	VMRLB	VRR	E760	V1,V2,V3	VMRL	KO
11	ZS7	VMRLF	VRR	E760	V1,V2,V3	VMRL	KO
11	ZS7	VMRLG	VRR	E760	V1,V2,V3	VMRL	KO
11	ZS7	VMRLH	VRR	E760	V1,V2,V3	VMRL	KO
11	ZS7	VMRHB	VRR	E761	V1,V2,V3	VMRH	KO
11	ZS7	VMRHF	VRR	E761	V1,V2,V3	VMRH	KO
11	ZS7	VMRHG	VRR	E761	V1,V2,V3	VMRH	KO
11	ZS7	VMRHH	VRR	E761	V1,V2,V3	VMRH	KO
11	ZS7	VSUMB	VRR	E764	V1,V2,V3	VSUM	KO
11	ZS7	VSUMH	VRR	E764	V1,V2,V3	VSUMG	KO
11	ZS7	VSUMGF	VRR	E765	V1,V2,V3	VSUMG	KO
11	ZS7	VSUMGH	VRR	E765	V1,V2,V3	VSUMG	KO
11	ZS7	VSUMQF	VRR	E767	V1,V2,V3	VSUMQ	KO
11	ZS7	VSUMQG	VRR	E767	V1,V2,V3	VSUMQ	KO
11	ZS7	VNOT	VRR	E76B	V1,V2	VNO	KO
11	ZS7	VESLVB	VRR	E770	V1,V2,V3	VESLV	KO
11	ZS7	VESLVF	VRR	E770	V1,V2,V3	VESLV	KO
11	ZS7	VESLVG	VRR	E770	V1,V2,V3	VESLV	KO
11	ZS7	VESLVH	VRR	E770	V1,V2,V3	VESLV	KO
11	ZS7	VERIMB	VRI	E772	V1,V2,V3,I4	VERIM	KO
11	ZS7	VERIMF	VRI	E772	V1,V2,V3,I4	VERIM	KO
11	ZS7	VERIMG	VRI	E772	V1,V2,V3,I4	VERIM	KO
11	ZS7	VERIMH	VRI	E772	V1,V2,V3,I4	VERIM	KO
11	ZS7	VERLLVB	VRR	E773	V1,V2,V3	VERLLV	KO
11	ZS7	VERLLVF	VRR	E773	V1,V2,V3	VERLLV	KO
11	ZS7	VERLLVG	VRR	E773	V1,V2,V3	VERLLV	KO
11	ZS7	VERLLVH	VRR	E773	V1,V2,V3	VERLLV	KO
11	ZS7	VESRLVB	VRR	E778	V1,V2,V3	VESRLV	KO
11	ZS7	VESRLVF	VRR	E778	V1,V2,V3	VESRLV	KO
11	ZS7	VESRLVG	VRR	E778	V1,V2,V3	VESRLV	KO
11	ZS7	VESRLVH	VRR	E778	V1,V2,V3	VESRLV	KO
11	ZS7	VESRAVB	VRR	E77A	V1,V2,V3	VESRAV	KO
11	ZS7	VESRAVF	VRR	E77A	V1,V2,V3	VESRAV	KO
11	ZS7	VESRAVG	VRR	E77A	V1,V2,V3	VESRAV	KO
11	ZS7	VESRAVH	VRR	E77A	V1,V2,V3	VESRAV	KO
11	ZS7	VFEEB	VRR	E780	V1,V2,V3<,M5>	VFEE	KO
11	ZS7	VFEEBS	VRR	E780	V1,V2,V3	VFEE	KO
11	ZS7	VFEEF	VRR	E780	V1,V2,V3<,M5>	VFEE	KO
11	ZS7	VFEEFS	VRR	E780	V1,V2,V3	VFEE	KO
11	ZS7	VFEEH	VRR	E780	V1,V2,V3<,M5>	VFEE	KO
11	ZS7	VFEEHS	VRR	E780	V1,V2,V3	VFEE	KO
11	ZS7	VFEEZB	VRR	E780	V1,V2,V3	VFEE	KO
11	ZS7	VFEEZBS	VRR	E780	V1,V2,V3	VFEE	KO
11	ZS7	VFEEZF	VRR	E780	V1,V2,V3	VFEE	KO
11	ZS7	VFEEZFS	VRR	E780	V1,V2,V3	VFEE	KO
11	ZS7	VFEEZH	VRR	E780	V1,V2,V3	VFEE	KO
11	ZS7	VFEEZHS	VRR	E780	V1,V2,V3	VFEE	KO
11	ZS7	VFENEB	VRR	E781	V1,V2,V3<,M5>	VFENE	KO
11	ZS7	VFENEBS	VRR	E781	V1,V2,V3	VFENE	KO
11	ZS7	VFENEF	VRR	E781	V1,V2,V3<,M5>	VFENE	KO
11	ZS7	VFENEFS	VRR	E781	V1,V2,V3	VFENE	KO
11	ZS7	VFENEH	VRR	E781	V1,V2,V3<,M5>	VFENE	KO
11	ZS7	VFENEHS	VRR	E781	V1,V2,V3	VFENE	KO
11	ZS7	VFENEZB	VRR	E781	V1,V2,V3	VFENE	KO
11	ZS7	VFENEZBS	VRR	E781	V1,V2,V3	VFENE	KO
11	ZS7	VFENEZF	VRR	E781	V1,V2,V3	VFENE	KO
11	ZS7	VFENEZFS	VRR	E781	V1,V2,V3	VFENE	KO
11	ZS7	VFENEZH	VRR	E781	V1,V2,V3	VFENE	KO
11	ZS7	VFENEZHS	VRR	E781	V1,V2,V3	VFENE	KO
11	ZS7	VFAEB	VRR	E782	V1,V2,V3<,M5>	VFAE	KO
11	ZS7	VFAEBS	VRR	E782	V1,V2,V3<,M5>	VFAE	KO
11	ZS7	VFAEF	VRR	E782	V1,V2,V3<,M5>	VFAE	KO
11	ZS7	VFAEFS	VRR	E782	V1,V2,V3<,M5>	VFAE	KO
11	ZS7	VFAEH	VRR	E782	V1,V2,V3<,M5>	VFAE	KO
11	ZS7	VFAEHS	VRR	E782	V1,V2,V3<,M5>	VFAE	KO
11	ZS7	VFAEZB	VRR	E782	V1,V2,V3<,M5>	VFAE	KO
11	ZS7	VFAEZBS	VRR	E782	V1,V2,V3<,M5>	VFAE	KO
11	ZS7	VFAEZF	VRR	E782	V1,V2,V3<,M5>	VFAE	KO
11	ZS7	VFAEZFS	VRR	E782	V1,V2,V3<,M5>	VFAE	KO
11	ZS7	VFAEZH	VRR	E782	V1,V2,V3<,M5>	VFAE	KO
11	ZS7	VFAEZHS	VRR	E782	V1,V2,V3<,M5>	VFAE	KO
11	ZS7	VSTRCB	VRR	E78A	V1,V2,V3,V4<,M6>	VSTRC	KO
11	ZS7	VSTRCBS	VRR	E78A	V1,V2,V3,V4<,M6>	VSTRC	KO
11	ZS7	VSTRCF	VRR	E78A	V1,V2,V3,V4<,M6>	VSTRC	KO
11	ZS7	VSTRCFS	VRR	E78A	V1,V2,V3,V4<,M6>	VSTRC	KO
11	ZS7	VSTRCH	VRR	E78A	V1,V2,V3,V4<,M6>	VSTRC	KO
11	ZS7	VSTRCHS	VRR	E78A	V1,V2,V3,V4<,M6>	VSTRC	KO
11	ZS7	VSTRCZB	VRR	E78A	V1,V2,V3,V4<,M6>	VSTRC	KO
11	ZS7	VSTRCZBS	VRR	E78A	V1,V2,V3,V4<,M6>	VSTRC	KO
11	ZS7	VSTRCZF	VRR	E78A	V1,V2,V3,V4<,M6>	VSTRC	KO
11	ZS7	VSTRCZFS	VRR	E78A	V1,V2,V3,V4<,M6>	VSTRC	KO
11	ZS7	VSTRCZH	VRR	E78A	V1,V2,V3,V4<,M6>	VSTRC	KO
11	ZS7	VSTRCZHS	VRR	E78A	V1,V2,V3,V4<,M6>	VSTRC	KO
13	ZS9	VSTRSB	VRR	E78B	V1,V2,V3,V4<,M6>	VSTRS	KO
13	ZS9	VSTRSF	VRR	E78B	V1,V2,V3,V4<,M6>	VSTRS	KO
13	ZS9	VSTRSH	VRR	E78B	V1,V2,V3,V4<,M6>	VSTRS	KO
13	ZS9	VSTRSZB	VRR	E78B	V1,V2,V3,V4	VSTRS	KO
13	ZS9	VSTRSZF	VRR	E78B	V1,V2,V3,V4	VSTRS	KO
13	ZS9	VSTRSZH	VRR	E78B	V1,V2,V3,V4	VSTRS	KO
11	ZS7	VFMSDB	VRR	E78E	V1,V2,V3,V4	VFMS	KO
12	ZS8	VFMSSB	VRR	E78E	V1,V2,V3,V4	VFMS	KO
11	ZS7	WFMSDB	VRR	E78E	V1,V2,V3,V4	WFK	KO
12	ZS8	WFMSSB	VRR	E78E	V1,V2,V3,V4	WFK	KO
12	ZS8	WFMSXB	VRR	E78E	V1,V2,V3,V4	WFK	KO
11	ZS7	VFMADB	VRR	E78F	V1,V2,V3,V4	VFMA	KO
12	ZS8	VFMASB	VRR	E78F	V1,V2,V3,V4	VFMA	KO
11	ZS7	WFMADB	VRR	E78F	V1,V2,V3,V4	WFK	KO
12	ZS8	WFMASB	VRR	E78F	V1,V2,V3,V4	WFK	KO
12	ZS8	WFMAXB	VRR	E78F	V1,V2,V3,V4	WFK	KO
11	ZS7	VPKF	VRR	E794	V1,V2,V3	VPK	KO
11	ZS7	VPKG	VRR	E794	V1,V2,V3	VPK	KO
11	ZS7	VPKH	VRR	E794	V1,V2,V3	VPK	KO
11	ZS7	VPKLSF	VRR	E795	V1,V2,V3	VPKLS	KO
11	ZS7	VPKLSFS	VRR	E795	V1,V2,V3	VPKLS	KO
11	ZS7	VPKLSG	VRR	E795	V1,V2,V3	VPKLS	KO
11	ZS7	VPKLSGS	VRR	E795	V1,V2,V3	VPKLS	KO
11	ZS7	VPKLSH	VRR	E795	V1,V2,V3	VPKLS	KO
11	ZS7	VPKLSHS	VRR	E795	V1,V2,V3	VPKLS	KO
11	ZS7	VPKSF	VRR	E797	V1,V2,V3	VPKS	KO
11	ZS7	VPKSFS	VRR	E797	V1,V2,V3	VPKS	KO
11	ZS7	VPKSG	VRR	E797	V1,V2,V3	VPKS	KO
11	ZS7	VPKSGS	VRR	E797	V1,V2,V3	VPKS	KO
11	ZS7	VPKSH	VRR	E797	V1,V2,V3	VPKS	KO
11	ZS7	VPKSHS	VRR	E797	V1,V2,V3	VPKS	KO
12	ZS8	VFNMSDB	VRR	E79E	V1,V2,V3,V4	VFNMS	KO
12	ZS8	VFNMSSB	VRR	E79E	V1,V2,V3,V4	VFNMS	KO
12	ZS8	WFNMSDB	VRR	E79E	V1,V2,V3,V4	WFK	KO
12	ZS8	WFNMSSB	VRR	E79E	V1,V2,V3,V4	WFK	KO
12	ZS8	WFNMSXB	VRR	E79E	V1,V2,V3,V4	WFK	KO
12	ZS8	VFNMADB	VRR	E79F	V1,V2,V3,V4	VFNMA	KO
12	ZS8	VFNMASB	VRR	E79F	V1,V2,V3,V4	VFNMA	KO
12	ZS8	WFNMADB	VRR	E79F	V1,V2,V3,V4	WFK	KO
12	ZS8	WFNMASB	VRR	E79F	V1,V2,V3,V4	WFK	KO
12	ZS8	WFNMAXB	VRR	E79F	V1,V2,V3,V4	WFK	KO
11	ZS7	VMLHB	VRR	E7A1	V1,V2,V3	VMLH	KO
11	ZS7	VMLHF	VRR	E7A1	V1,V2,V3	VMLH	KO
11	ZS7	VMLHH	VRR	E7A1	V1,V2,V3	VMLH	KO
11	ZS7	VMLB	VRR	E7A2	V1,V2,V3	VML	KO
11	ZS7	VMLF	VRR	E7A2	V1,V2,V3	VMLE	KO
11	ZS7	VMLHW	VRR	E7A2	V1,V2,V3	VMLH	KO
11	ZS7	VMHB	VRR	E7A3	V1,V2,V3	VMH	KO
11	ZS7	VMHF	VRR	E7A3	V1,V2,V3	VMH	KO
11	ZS7	VMHH	VRR	E7A3	V1,V2,V3	VMH	KO
11	ZS7	VMLEB	VRR	E7A4	V1,V2,V3	VMLE	KO
11	ZS7	VMLEF	VRR	E7A4	V1,V2,V3	VMLE	KO
11	ZS7	VMLEH	VRR	E7A4	V1,V2,V3	VMLE	KO
11	ZS7	VMLOB	VRR	E7A5	V1,V2,V3	VMLO	KO
11	ZS7	VMLOF	VRR	E7A5	V1,V2,V3	VMLO	KO
11	ZS7	VMLOH	VRR	E7A5	V1,V2,V3	VMLO	KO
11	ZS7	VMEB	VRR	E7A6	V1,V2,V3	VME	KO
11	ZS7	VMEF	VRR	E7A6	V1,V2,V3	VME	KO
11	ZS7	VMEH	VRR	E7A6	V1,V2,V3	VME	KO
11	ZS7	VMOB	VRR	E7A7	V1,V2,V3	VMO	KO
11	ZS7	VMOF	VRR	E7A7	V1,V2,V3	VMO	KO
11	ZS7	VMOH	VRR	E7A7	V1,V2,V3	VMO	KO
11	ZS7	VMALHB	VRR	E7A9	V1,V2,V3,V4	VMALH	KO
11	ZS7	VMALHF	VRR	E7A9	V1,V2,V3,V4	VMALH	KO
11	ZS7	VMALHH	VRR	E7A9	V1,V2,V3,V4	VMALH	KO
11	ZS7	VMALB	VRR	E7AA	V1,V2,V3,V4	VMAL	KO
11	ZS7	VMALF	VRR	E7AA	V1,V2,V3,V4	VMALE	KO
11	ZS7	VMALHW	VRR	E7AA	V1,V2,V3,V4	VMALH	KO
11	ZS7	VMAHB	VRR	E7AB	V1,V2,V3,V4	VMAH	KO
11	ZS7	VMAHF	VRR	E7AB	V1,V2,V3,V4	VMAH	KO
11	ZS7	VMAHH	VRR	E7AB	V1,V2,V3,V4	VMAH	KO
11	ZS7	VMALEB	VRR	E7AC	V1,V2,V3,V4	VMALE	KO
11	ZS7	VMALEF	VRR	E7AC	V1,V2,V3,V4	VMALE	KO
11	ZS7	VMALEH	VRR	E7AC	V1,V2,V3,V4	VMALE	KO
11	ZS7	VMALOB	VRR	E7AD	V1,V2,V3,V4	VMALO	KO
11	ZS7	VMALOF	VRR	E7AD	V1,V2,V3,V4	VMALO	KO
11	ZS7	VMALOH	VRR	E7AD	V1,V2,V3,V4	VMALO	KO
11	ZS7	VMAEB	VRR	E7AE	V1,V2,V3,V4	VMAE	KO
11	ZS7	VMAEF	VRR	E7AE	V1,V2,V3,V4	VMAE	KO
11	ZS7	VMAEH	VRR	E7AE	V1,V2,V3,V4	VMAE	KO
11	ZS7	VMAOB	VRR	E7AF	V1,V2,V3,V4	VMAO	KO
11	ZS7	VMAOF	VRR	E7AF	V1,V2,V3,V4	VMAO	KO
11	ZS7	VMAOH	VRR	E7AF	V1,V2,V3,V4	VMAO	KO
11	ZS7	VGFMB	VRR	E7B4	V1,V2,V3	VGFMA	KO
11	ZS7	VGFMF	VRR	E7B4	V1,V2,V3	VGFMA	KO
11	ZS7	VGFMG	VRR	E7B4	V1,V2,V3	VGFMA	KO
11	ZS7	VGFMH	VRR	E7B4	V1,V2,V3	VGFMA	KO
12	ZS8	VMSLG	VRR	E7B8	V1,V2,V3,V4,M6	VMSL	KO
11	ZS7	VACCCQ	VRR	E7B9	V1,V2,V3,V4	VACCC	KO
11	ZS7	VACQ	VRR	E7BB	V1,V2,V3,V4	VACCC	KO
11	ZS7	VGFMAB	VRR	E7BC	V1,V2,V3,V4	VGFMA	KO
11	ZS7	VGFMAF	VRR	E7BC	V1,V2,V3,V4	VGFMA	KO
11	ZS7	VGFMAG	VRR	E7BC	V1,V2,V3,V4	VGFMA	KO
11	ZS7	VGFMAH	VRR	E7BC	V1,V2,V3,V4	VGFMA	KO
11	ZS7	VSBCBIQ	VRR	E7BD	V1,V2,V3,V4	VSBCBI	KO
11	ZS7	VSBIQ	VRR	E7BF	V1,V2,V3,V4	VSBI	KO
13	ZS9	VCLFEB	VRR	E7C0	V1,V2,M4,M5	VCKSM	KO
11	ZS7	VCLGDB	VRR	E7C0	V1,V2,M4,M5	VCLGD	KO
13	ZS9	WCLFEB	VRR	E7C0	V1,V2,M4,M5	VX	KO
11	ZS7	WCLGDB	VRR	E7C0	V1,V2,M4,M5	VX	KO
11	ZS7	VCDLGB	VRR	E7C1	V1,V2,M4,M5	VCDLG	KO
13	ZS9	VCELFB	VRR	E7C1	V1,V2,M4,M5	VCDLG	KO
11	ZS7	WCDLGB	VRR	E7C1	V1,V2,M4,M5	VX	KO
13	ZS9	WCELFB	VRR	E7C1	V1,V2,M4,M5	VX	KO
13	ZS9	VCFEB	VRR	E7C2	V1,V2,M4,M5	VCEQ	KO
11	ZS7	VCGDB	VRR	E7C2	V1,V2,M4,M5	VCGD	KO
13	ZS9	WCFEB	VRR	E7C2	V1,V2,M4,M5	VX	KO
11	ZS7	WCGDB	VRR	E7C2	V1,V2,M4,M5	VX	KO
11	ZS7	VCDGB	VRR	E7C3	V1,V2,M4,M5	VCDG	KO
13	ZS9	VCEFB	VRR	E7C3	V1,V2,M4,M5	VCDLG	KO
11	ZS7	WCDGB	VRR	E7C3	V1,V2,M4,M5	VX	KO
13	ZS9	WCEFB	VRR	E7C3	V1,V2,M4,M5	VX	KO
12	ZS8	VFLLS	VRR	E7C4	V1,V2	VFLL	KO
11	ZS7	VLDE	VRR	E7C4	V1,V2,M3,M4	VLC	KO
11	ZS7	VLDEB	VRR	E7C4	V1,V2	VLC	KO
12	ZS8	WFLLD	VRR	E7C4	V1,V2	WFK	KO
12	ZS8	WFLLS	VRR	E7C4	V1,V2	WFK	KO
11	ZS7	WLDEB	VRR	E7C4	V1,V2	WFK	KO
12	ZS8	VFLRD	VRR	E7C5	V1,V2,M4,M5	VFLR	KO
11	ZS7	VLED	VRR	E7C5	V1,V2,M3,M4,M5	VLEBRH	KO
11	ZS7	VLEDB	VRR	E7C5	V1,V2,M4,M5	VLEBRH	KO
12	ZS8	WFLRD	VRR	E7C5	V1,V2,M4,M5	WFK	KO
12	ZS8	WFLRX	VRR	E7C5	V1,V2,M4,M5	WFK	KO
11	ZS7	WLEDB	VRR	E7C5	V1,V2,M4,M5	WFK	KO
11	ZS7	VFIDB	VRR	E7C7	V1,V2,M4,M5	VFI	KO
12	ZS8	VFISB	VRR	E7C7	V1,V2,M4,M5	VFI	KO
11	ZS7	WFIDB	VRR	E7C7	V1,V2,M4,M5	WFC	KO
12	ZS8	WFISB	VRR	E7C7	V1,V2,M4,M5	WFC	KO
12	ZS8	WFIXB	VRR	E7C7	V1,V2,M4,M5	WFC	KO
11	ZS7	WFKDB	VRR	E7CA	V1,V2	WFK	KO
12	ZS8	WFKSB	VRR	E7CA	V1,V2	WFK	KO
12	ZS8	WFKXB	VRR	E7CA	V1,V2	WFK	KO
11	ZS7	WFCDB	VRR	E7CB	V1,V2	WFC	KO
12	ZS8	WFCSB	VRR	E7CB	V1,V2	WFC	KO
12	ZS8	WFCXB	VRR	E7CB	V1,V2	WFC	KO
11	ZS7	VFLCDB	VRR	E7CC	V1,V2	VFI	KO
12	ZS8	VFLCSB	VRR	E7CC	V1,V2	VFI	KO
11	ZS7	VFLNDB	VRR	E7CC	V1,V2	VFLL	KO
12	ZS8	VFLNSB	VRR	E7CC	V1,V2	VFLL	KO
11	ZS7	VFLPDB	VRR	E7CC	V1,V2	VFLL	KO
12	ZS8	VFLPSB	VRR	E7CC	V1,V2	VFLL	KO
11	ZS7	VFPSODB	VRR	E7CC	V1,V2,M5	VFPSO	KO
12	ZS8	VFPSOSB	VRR	E7CC	V1,V2,M5	VFPSO	KO
11	ZS7	WFLCDB	VRR	E7CC	V1,V2	WFK	KO
12	ZS8	WFLCSB	VRR	E7CC	V1,V2	WFK	KO
12	ZS8	WFLCXB	VRR	E7CC	V1,V2	WFK	KO
11	ZS7	WFLNDB	VRR	E7CC	V1,V2	WFK	KO
12	ZS8	WFLNSB	VRR	E7CC	V1,V2	WFK	KO
12	ZS8	WFLNXB	VRR	E7CC	V1,V2	WFK	KO
11	ZS7	WFLPDB	VRR	E7CC	V1,V2	WFK	KO
12	ZS8	WFLPSB	VRR	E7CC	V1,V2	WFK	KO
12	ZS8	WFLPXB	VRR	E7CC	V1,V2	WFK	KO
11	ZS7	WFPSODB	VRR	E7CC	V1,V2,M5	WFK	KO
12	ZS8	WFPSOSB	VRR	E7CC	V1,V2,M5	WFK	KO
12	ZS8	WFPSOXB	VRR	E7CC	V1,V2,M5	WFK	KO
11	ZS7	VFSQDB	VRR	E7CE	V1,V2	VFSQ	KO
12	ZS8	VFSQSB	VRR	E7CE	V1,V2	VFSQ	KO
11	ZS7	WFSQDB	VRR	E7CE	V1,V2	WFK	KO
12	ZS8	WFSQSB	VRR	E7CE	V1,V2	WFK	KO
12	ZS8	WFSQXB	VRR	E7CE	V1,V2	WFK	KO
11	ZS7	VUPLLB	VRR	E7D4	V1,V2	VUPLL	KO
11	ZS7	VUPLLF	VRR	E7D4	V1,V2	VUPLL	KO
11	ZS7	VUPLLH	VRR	E7D4	V1,V2	VUPLL	KO
11	ZS7	VUPLHB	VRR	E7D5	V1,V2	VUPLH	KO
11	ZS7	VUPLHF	VRR	E7D5	V1,V2	VUPLH	KO
11	ZS7	VUPLHH	VRR	E7D5	V1,V2	VUPLH	KO
11	ZS7	VUPLB	VRR	E7D6	V1,V2	VUPL	KO
11	ZS7	VUPLF	VRR	E7D6	V1,V2	VUPL	KO
11	ZS7	VUPLHW	VRR	E7D6	V1,V2	VUPLH	KO
11	ZS7	VUPHB	VRR	E7D7	V1,V2	VUPH	KO
11	ZS7	VUPHF	VRR	E7D7	V1,V2	VUPH	KO
11	ZS7	VUPHH	VRR	E7D7	V1,V2	VUPH	KO
11	ZS7	VECLB	VRR	E7D9	V1,V2	VECL	KO
11	ZS7	VECLF	VRR	E7D9	V1,V2	VECL	KO
11	ZS7	VECLG	VRR	E7D9	V1,V2	VECL	KO
11	ZS7	VECLH	VRR	E7D9	V1,V2	VECL	KO
11	ZS7	VECB	VRR	E7DB	V1,V2	VEC	KO
11	ZS7	VECF	VRR	E7DB	V1,V2	VEC	KO
11	ZS7	VECG	VRR	E7DB	V1,V2	VEC	KO
11	ZS7	VECH	VRR	E7DB	V1,V2	VEC	KO
11	ZS7	VLCB	VRR	E7DE	V1,V2	VLC	KO
11	ZS7	VLCF	VRR	E7DE	V1,V2	VLC	KO
11	ZS7	VLCG	VRR	E7DE	V1,V2	VLC	KO
11	ZS7	VLCH	VRR	E7DE	V1,V2	VLC	KO
11	ZS7	VLPB	VRR	E7DF	V1,V2	VLP	KO
11	ZS7	VLPF	VRR	E7DF	V1,V2	VLP	KO
11	ZS7	VLPG	VRR	E7DF	V1,V2	VLP	KO
11	ZS7	VLPH	VRR	E7DF	V1,V2	VLP	KO
11	ZS7	VFSDB	VRR	E7E2	V1,V2,V3	VFS	KO
12	ZS8	VFSSB	VRR	E7E2	V1,V2,V3	VFSQ	KO
11	ZS7	WFSDB	VRR	E7E2	V1,V2,V3	WFK	KO
12	ZS8	WFSSB	VRR	E7E2	V1,V2,V3	WFK	KO
12	ZS8	WFSXB	VRR	E7E2	V1,V2,V3	WFK	KO
11	ZS7	VFADB	VRR	E7E3	V1,V2,V3	VFA	KO
12	ZS8	VFASB	VRR	E7E3	V1,V2,V3	VFAE	KO
11	ZS7	WFADB	VRR	E7E3	V1,V2,V3	VX	KO
12	ZS8	WFASB	VRR	E7E3	V1,V2,V3	VX	KO
12	ZS8	WFAXB	VRR	E7E3	V1,V2,V3	VX	KO
11	ZS7	VFDDB	VRR	E7E5	V1,V2,V3	VFD	KO
12	ZS8	VFDSB	VRR	E7E5	V1,V2,V3	VFD	KO
11	ZS7	WFDDB	VRR	E7E5	V1,V2,V3	WFC	KO
12	ZS8	WFDSB	VRR	E7E5	V1,V2,V3	WFC	KO
12	ZS8	WFDXB	VRR	E7E5	V1,V2,V3	WFC	KO
11	ZS7	VFMDB	VRR	E7E7	V1,V2,V3	VFMAX	KO
12	ZS8	VFMSB	VRR	E7E7	V1,V2,V3	VFMS	KO
11	ZS7	WFMDB	VRR	E7E7	V1,V2,V3	WFK	KO
12	ZS8	WFMSB	VRR	E7E7	V1,V2,V3	WFK	KO
12	ZS8	WFMXB	VRR	E7E7	V1,V2,V3	WFK	KO
11	ZS7	VFCEDB	VRR	E7E8	V1,V2,V3	VFCE	KO
11	ZS7	VFCEDBS	VRR	E7E8	V1,V2,V3	VFCE	KO
12	ZS8	VFCESB	VRR	E7E8	V1,V2,V3	VFCE	KO
12	ZS8	VFCESBS	VRR	E7E8	V1,V2,V3	VFCE	KO
12	ZS8	VFKEDB	VRR	E7E8	V1,V2,V3	VFI	KO
12	ZS8	VFKEDBS	VRR	E7E8	V1,V2,V3	VFI	KO
12	ZS8	VFKESB	VRR	E7E8	V1,V2,V3	VFI	KO
12	ZS8	VFKESBS	VRR	E7E8	V1,V2,V3	VFI	KO
11	ZS7	WFCEDB	VRR	E7E8	V1,V2,V3	WFC	KO
11	ZS7	WFCEDBS	VRR	E7E8	V1,V2,V3	WFC	KO
12	ZS8	WFCESB	VRR	E7E8	V1,V2,V3	WFC	KO
12	ZS8	WFCESBS	VRR	E7E8	V1,V2,V3	WFC	KO
12	ZS8	WFCEXB	VRR	E7E8	V1,V2,V3	WFC	KO
12	ZS8	WFCEXBS	VRR	E7E8	V1,V2,V3	WFC	KO
12	ZS8	WFKEDB	VRR	E7E8	V1,V2,V3	WFK	KO
12	ZS8	WFKEDBS	VRR	E7E8	V1,V2,V3	WFK	KO
12	ZS8	WFKESB	VRR	E7E8	V1,V2,V3	WFK	KO
12	ZS8	WFKESBS	VRR	E7E8	V1,V2,V3	WFK	KO
12	ZS8	WFKEXB	VRR	E7E8	V1,V2,V3	WFK	KO
12	ZS8	WFKEXBS	VRR	E7E8	V1,V2,V3	WFK	KO
11	ZS7	VFCHEDB	VRR	E7EA	V1,V2,V3	VFCHE	KO
11	ZS7	VFCHEDBS	VRR	E7EA	V1,V2,V3	VFCHE	KO
12	ZS8	VFCHESB	VRR	E7EA	V1,V2,V3	VFCHE	KO
12	ZS8	VFCHESBS	VRR	E7EA	V1,V2,V3	VFCHE	KO
12	ZS8	VFKHEDB	VRR	E7EA	V1,V2,V3	VFI	KO
12	ZS8	VFKHEDBS	VRR	E7EA	V1,V2,V3	VFI	KO
12	ZS8	VFKHESB	VRR	E7EA	V1,V2,V3	VFI	KO
12	ZS8	VFKHESBS	VRR	E7EA	V1,V2,V3	VFI	KO
11	ZS7	WFCHEDB	VRR	E7EA	V1,V2,V3	WFC	KO
11	ZS7	WFCHEDBS	VRR	E7EA	V1,V2,V3	WFC	KO
12	ZS8	WFCHESB	VRR	E7EA	V1,V2,V3	WFC	KO
12	ZS8	WFCHESBS	VRR	E7EA	V1,V2,V3	WFC	KO
12	ZS8	WFCHEXB	VRR	E7EA	V1,V2,V3	WFC	KO
12	ZS8	WFCHEXBS	VRR	E7EA	V1,V2,V3	WFC	KO
12	ZS8	WFKHEDB	VRR	E7EA	V1,V2,V3	WFK	KO
12	ZS8	WFKHEDBS	VRR	E7EA	V1,V2,V3	WFK	KO
12	ZS8	WFKHESB	VRR	E7EA	V1,V2,V3	WFK	KO
12	ZS8	WFKHESBS	VRR	E7EA	V1,V2,V3	WFK	KO
12	ZS8	WFKHEXB	VRR	E7EA	V1,V2,V3	WFK	KO
12	ZS8	WFKHEXBS	VRR	E7EA	V1,V2,V3	WFK	KO
11	ZS7	VFCHDB	VRR	E7EB	V1,V2,V3	VFCH	KO
11	ZS7	VFCHDBS	VRR	E7EB	V1,V2,V3	VFCH	KO
12	ZS8	VFCHSB	VRR	E7EB	V1,V2,V3	VFCHE	KO
12	ZS8	VFCHSBS	VRR	E7EB	V1,V2,V3	VFCHE	KO
12	ZS8	VFKHDB	VRR	E7EB	V1,V2,V3	VFI	KO
12	ZS8	VFKHDBS	VRR	E7EB	V1,V2,V3	VFI	KO
12	ZS8	VFKHSB	VRR	E7EB	V1,V2,V3	VFI	KO
12	ZS8	VFKHSBS	VRR	E7EB	V1,V2,V3	VFI	KO
11	ZS7	WFCHDB	VRR	E7EB	V1,V2,V3	WFC	KO
11	ZS7	WFCHDBS	VRR	E7EB	V1,V2,V3	WFC	KO
12	ZS8	WFCHSB	VRR	E7EB	V1,V2,V3	WFC	KO
12	ZS8	WFCHSBS	VRR	E7EB	V1,V2,V3	WFC	KO
12	ZS8	WFCHXB	VRR	E7EB	V1,V2,V3	WFC	KO
12	ZS8	WFCHXBS	VRR	E7EB	V1,V2,V3	WFC	KO
12	ZS8	WFKHDB	VRR	E7EB	V1,V2,V3	WFK	KO
12	ZS8	WFKHDBS	VRR	E7EB	V1,V2,V3	WFK	KO
12	ZS8	WFKHSB	VRR	E7EB	V1,V2,V3	WFK	KO
12	ZS8	WFKHSBS	VRR	E7EB	V1,V2,V3	WFK	KO
12	ZS8	WFKHXB	VRR	E7EB	V1,V2,V3	WFK	KO
12	ZS8	WFKHXBS	VRR	E7EB	V1,V2,V3	WFK	KO
12	ZS8	VFMINDB	VRR	E7EE	V1,V2,V3,M6	VFMIN	KO
12	ZS8	VFMINSB	VRR	E7EE	V1,V2,V3,M6	VFMIN	KO
12	ZS8	WFMINDB	VRR	E7EE	V1,V2,V3,M6	WFK	KO
12	ZS8	WFMINSB	VRR	E7EE	V1,V2,V3,M6	WFK	KO
12	ZS8	WFMINXB	VRR	E7EE	V1,V2,V3,M6	WFK	KO
12	ZS8	VFMAXDB	VRR	E7EF	V1,V2,V3,M6	VFMAX	KO
12	ZS8	VFMAXSB	VRR	E7EF	V1,V2,V3,M6	VFMAX	KO
12	ZS8	WFMAXDB	VRR	E7EF	V1,V2,V3,M6	WFK	KO
12	ZS8	WFMAXSB	VRR	E7EF	V1,V2,V3,M6	WFK	KO
12	ZS8	WFMAXXB	VRR	E7EF	V1,V2,V3,M6	WFK	KO
11	ZS7	VAVGLB	VRR	E7F0	V1,V2,V3	VAVGL	KO
11	ZS7	VAVGLF	VRR	E7F0	V1,V2,V3	VAVGL	KO
11	ZS7	VAVGLG	VRR	E7F0	V1,V2,V3	VAVGL	KO
11	ZS7	VAVGLH	VRR	E7F0	V1,V2,V3	VAVGL	KO
11	ZS7	VACCB	VRR	E7F1	V1,V2,V3	VACC	KO
11	ZS7	VACCF	VRR	E7F1	V1,V2,V3	VACCC	KO
11	ZS7	VACCG	VRR	E7F1	V1,V2,V3	VACCC	KO
11	ZS7	VACCH	VRR	E7F1	V1,V2,V3	VACCC	KO
11	ZS7	VACCQ	VRR	E7F1	V1,V2,V3	VACCC	KO
11	ZS7	VAVGB	VRR	E7F2	V1,V2,V3	VAVG	KO
11	ZS7	VAVGF	VRR	E7F2	V1,V2,V3	VAVG	KO
11	ZS7	VAVGG	VRR	E7F2	V1,V2,V3	VAVG	KO
11	ZS7	VAVGH	VRR	E7F2	V1,V2,V3	VAVG	KO
11	ZS7	VAB	VRR	E7F3	V1,V2,V3	VA	KO
11	ZS7	VAF	VRR	E7F3	V1,V2,V3	VACCC	KO
11	ZS7	VAG	VRR	E7F3	V1,V2,V3	VACCC	KO
11	ZS7	VAH	VRR	E7F3	V1,V2,V3	VACCC	KO
11	ZS7	VAQ	VRR	E7F3	V1,V2,V3	VAP	KO
11	ZS7	VSCBIB	VRR	E7F5	V1,V2,V3	VSCBI	KO
11	ZS7	VSCBIF	VRR	E7F5	V1,V2,V3	VSCBI	KO
11	ZS7	VSCBIG	VRR	E7F5	V1,V2,V3	VSCBI	KO
11	ZS7	VSCBIH	VRR	E7F5	V1,V2,V3	VSCBI	KO
11	ZS7	VSCBIQ	VRR	E7F5	V1,V2,V3	VSCBI	KO
11	ZS7	VSB	VRR	E7F7	V1,V2,V3	VS	KO
11	ZS7	VSF	VRR	E7F7	V1,V2,V3	VSEL	KO
11	ZS7	VSG	VRR	E7F7	V1,V2,V3	VSEL	KO
11	ZS7	VSH	VRR	E7F7	V1,V2,V3	VSEL	KO
11	ZS7	VSQ	VRR	E7F7	V1,V2,V3	VSP	KO
11	ZS7	VCEQB	VRR	E7F8	V1,V2,V3	VCEQ	KO
11	ZS7	VCEQBS	VRR	E7F8	V1,V2,V3	VCEQ	KO
11	ZS7	VCEQF	VRR	E7F8	V1,V2,V3	VCEQ	KO
11	ZS7	VCEQFS	VRR	E7F8	V1,V2,V3	VCEQ	KO
11	ZS7	VCEQG	VRR	E7F8	V1,V2,V3	VCEQ	KO
11	ZS7	VCEQGS	VRR	E7F8	V1,V2,V3	VCEQ	KO
11	ZS7	VCEQH	VRR	E7F8	V1,V2,V3	VCEQ	KO
11	ZS7	VCEQHS	VRR	E7F8	V1,V2,V3	VCEQ	KO
11	ZS7	VCHLB	VRR	E7F9	V1,V2,V3	VCHL	KO
11	ZS7	VCHLBS	VRR	E7F9	V1,V2,V3	VCHL	KO
11	ZS7	VCHLF	VRR	E7F9	V1,V2,V3	VCHL	KO
11	ZS7	VCHLFS	VRR	E7F9	V1,V2,V3	VCHL	KO
11	ZS7	VCHLG	VRR	E7F9	V1,V2,V3	VCHL	KO
11	ZS7	VCHLGS	VRR	E7F9	V1,V2,V3	VCHL	KO
11	ZS7	VCHLH	VRR	E7F9	V1,V2,V3	VCHL	KO
11	ZS7	VCHLHS	VRR	E7F9	V1,V2,V3	VCHL	KO
11	ZS7	VCHB	VRR	E7FB	V1,V2,V3	VCH	KO
11	ZS7	VCHBS	VRR	E7FB	V1,V2,V3	VCH	KO
11	ZS7	VCHF	VRR	E7FB	V1,V2,V3	VCH	KO
11	ZS7	VCHFS	VRR	E7FB	V1,V2,V3	VCH	KO
11	ZS7	VCHG	VRR	E7FB	V1,V2,V3	VCH	KO
11	ZS7	VCHGS	VRR	E7FB	V1,V2,V3	VCH	KO
11	ZS7	VCHH	VRR	E7FB	V1,V2,V3	VCH	KO
11	ZS7	VCHHS	VRR	E7FB	V1,V2,V3	VCH	KO
11	ZS7	VMNLB	VRR	E7FC	V1,V2,V3	VMNL	KO
11	ZS7	VMNLF	VRR	E7FC	V1,V2,V3	VMNL	KO
11	ZS7	VMNLG	VRR	E7FC	V1,V2,V3	VMNL	KO
11	ZS7	VMNLH	VRR	E7FC	V1,V2,V3	VMNL	KO
11	ZS7	VMXLB	VRR	E7FD	V1,V2,V3	VMXL	KO
11	ZS7	VMXLF	VRR	E7FD	V1,V2,V3	VMXL	KO
11	ZS7	VMXLG	VRR	E7FD	V1,V2,V3	VMXL	KO
11	ZS7	VMXLH	VRR	E7FD	V1,V2,V3	VMXL	KO
11	ZS7	VMNB	VRR	E7FE	V1,V2,V3	VMN	KO
11	ZS7	VMNF	VRR	E7FE	V1,V2,V3	VMN	KO
11	ZS7	VMNG	VRR	E7FE	V1,V2,V3	VMN	KO
11	ZS7	VMNH	VRR	E7FE	V1,V2,V3	VMN	KO
11	ZS7	VMXB	VRR	E7FF	V1,V2,V3	VMX	KO
11	ZS7	VMXF	VRR	E7FF	V1,V2,V3	VMX	KO
11	ZS7	VMXG	VRR	E7FF	V1,V2,V3	VMX	KO
11	ZS7	VMXH	VRR	E7FF	V1,V2,V3	VMX	KO
10	ZS6	CLTE	RSY	EB23	R1,D2(B2)	CLT	KO
10	ZS6	CLTH	RSY	EB23	R1,D2(B2)	CLT	KO
10	ZS6	CLTL	RSY	EB23	R1,D2(B2)	CLT	KO
10	ZS6	CLTNE	RSY	EB23	R1,D2(B2)	CLT	KO
10	ZS6	CLTNH	RSY	EB23	R1,D2(B2)	CLT	KO
10	ZS6	CLTNL	RSY	EB23	R1,D2(B2)	CLT	KO
10	ZS6	CLGTE	RSY	EB2B	R1,D2(B2)	CLGT	KO
10	ZS6	CLGTH	RSY	EB2B	R1,D2(B2)	CLGT	KO
10	ZS6	CLGTL	RSY	EB2B	R1,D2(B2)	CLGT	KO
10	ZS6	CLGTNE	RSY	EB2B	R1,D2(B2)	CLGT	KO
10	ZS6	CLGTNH	RSY	EB2B	R1,D2(B2)	CLGT	KO
10	ZS6	CLGTNL	RSY	EB2B	R1,D2(B2)	CLGT	KO
11	ZS7	LOCFHE	RSY	EBE0	R1,D2(B2)	LOCFH	KO
11	ZS7	LOCFHH	RSY	EBE0	R1,D2(B2)	LOCFH	KO
11	ZS7	LOCFHL	RSY	EBE0	R1,D2(B2)	LOCFH	KO
11	ZS7	LOCFHM	RSY	EBE0	R1,D2(B2)	LOCFH	KO
11	ZS7	LOCFHNE	RSY	EBE0	R1,D2(B2)	LOCFH	KO
11	ZS7	LOCFHNH	RSY	EBE0	R1,D2(B2)	LOCFH	KO
11	ZS7	LOCFHNL	RSY	EBE0	R1,D2(B2)	LOCFH	KO
11	ZS7	LOCFHNM	RSY	EBE0	R1,D2(B2)	LOCFH	KO
11	ZS7	LOCFHNO	RSY	EBE0	R1,D2(B2)	LOCFH	KO
11	ZS7	LOCFHNP	RSY	EBE0	R1,D2(B2)	LOCFH	KO
11	ZS7	LOCFHNZ	RSY	EBE0	R1,D2(B2)	LOCFH	KO
11	ZS7	LOCFHO	RSY	EBE0	R1,D2(B2)	LOCFH	KO
11	ZS7	LOCFHP	RSY	EBE0	R1,D2(B2)	LOCFH	KO
11	ZS7	LOCFHZ	RSY	EBE0	R1,D2(B2)	LOCFHR	KO
11	ZS7	STOCFHE	RSY	EBE1	R1,D2(B2)	STOCFH	KO
11	ZS7	STOCFHH	RSY	EBE1	R1,D2(B2)	STOCFH	KO
11	ZS7	STOCFHL	RSY	EBE1	R1,D2(B2)	STOCFH	KO
11	ZS7	STOCFHM	RSY	EBE1	R1,D2(B2)	STOCFH	KO
11	ZS7	STOCFHNE	RSY	EBE1	R1,D2(B2)	STOCFH	KO
11	ZS7	STOCFHNH	RSY	EBE1	R1,D2(B2)	STOCFH	KO
11	ZS7	STOCFHNL	RSY	EBE1	R1,D2(B2)	STOCFH	KO
11	ZS7	STOCFHNM	RSY	EBE1	R1,D2(B2)	STOCFH	KO
11	ZS7	STOCFHNO	RSY	EBE1	R1,D2(B2)	STOCFH	KO
11	ZS7	STOCFHNP	RSY	EBE1	R1,D2(B2)	STOCFH	KO
11	ZS7	STOCFHNZ	RSY	EBE1	R1,D2(B2)	STOCFH	KO
11	ZS7	STOCFHO	RSY	EBE1	R1,D2(B2)	STOCFH	KO
11	ZS7	STOCFHP	RSY	EBE1	R1,D2(B2)	STOCFH	KO
11	ZS7	STOCFHZ	RSY	EBE1	R1,D2(B2)	STOCFH	KO
9	ZS5	LOCGE	RSY	EBE2	R1,D2(B2)	LOCG	KO
9	ZS5	LOCGH	RSY	EBE2	R1,D2(B2)	LOCG	KO
9	ZS5	LOCGL	RSY	EBE2	R1,D2(B2)	LOCGHI	KO
11	ZS7	LOCGM	RSY	EBE2	R1,D2(B2)	LOCGHI	KO
9	ZS5	LOCGNE	RSY	EBE2	R1,D2(B2)	LOCGHI	KO
9	ZS5	LOCGNH	RSY	EBE2	R1,D2(B2)	LOCGHI	KO
9	ZS5	LOCGNL	RSY	EBE2	R1,D2(B2)	LOCGHI	KO
11	ZS7	LOCGNM	RSY	EBE2	R1,D2(B2)	LOCGHI	KO
11	ZS7	LOCGNO	RSY	EBE2	R1,D2(B2)	LOCGHI	KO
11	ZS7	LOCGNP	RSY	EBE2	R1,D2(B2)	LOCGHI	KO
11	ZS7	LOCGNZ	RSY	EBE2	R1,D2(B2)	LOCGHI	KO
11	ZS7	LOCGO	RSY	EBE2	R1,D2(B2)	LOCGHI	KO
11	ZS7	LOCGP	RSY	EBE2	R1,D2(B2)	LOCGHI	KO
11	ZS7	LOCGZ	RSY	EBE2	R1,D2(B2)	LOCGR	KO
9	ZS5	STOCGE	RSY	EBE3	R1,D2(B2)	STOCG	KO
9	ZS5	STOCGH	RSY	EBE3	R1,D2(B2)	STOCG	KO
9	ZS5	STOCGL	RSY	EBE3	R1,D2(B2)	STOCG	KO
11	ZS7	STOCGM	RSY	EBE3	R1,D2(B2)	STOCG	KO
9	ZS5	STOCGNE	RSY	EBE3	R1,D2(B2)	STOCG	KO
9	ZS5	STOCGNH	RSY	EBE3	R1,D2(B2)	STOCG	KO
9	ZS5	STOCGNL	RSY	EBE3	R1,D2(B2)	STOCG	KO
11	ZS7	STOCGNM	RSY	EBE3	R1,D2(B2)	STOCG	KO
11	ZS7	STOCGNO	RSY	EBE3	R1,D2(B2)	STOCG	KO
11	ZS7	STOCGNP	RSY	EBE3	R1,D2(B2)	STOCG	KO
11	ZS7	STOCGNZ	RSY	EBE3	R1,D2(B2)	STOCG	KO
11	ZS7	STOCGO	RSY	EBE3	R1,D2(B2)	STOCG	KO
11	ZS7	STOCGP	RSY	EBE3	R1,D2(B2)	STOCG	KO
11	ZS7	STOCGZ	RSY	EBE3	R1,D2(B2)	STOCG	KO
9	ZS5	LOCE	RSY	EBF2	R1,D2(B2)	LOC	KO
9	ZS5	LOCH	RSY	EBF2	R1,D2(B2)	LOCGR	KO
9	ZS5	LOCL	RSY	EBF2	R1,D2(B2)	LOCHI	KO
11	ZS7	LOCM	RSY	EBF2	R1,D2(B2)	LOCHI	KO
9	ZS5	LOCNE	RSY	EBF2	R1,D2(B2)	LOCHI	KO
9	ZS5	LOCNH	RSY	EBF2	R1,D2(B2)	LOCHI	KO
9	ZS5	LOCNL	RSY	EBF2	R1,D2(B2)	LOCHI	KO
11	ZS7	LOCNM	RSY	EBF2	R1,D2(B2)	LOCHI	KO
11	ZS7	LOCNO	RSY	EBF2	R1,D2(B2)	LOCHI	KO
11	ZS7	LOCNP	RSY	EBF2	R1,D2(B2)	LOCHI	KO
11	ZS7	LOCNZ	RSY	EBF2	R1,D2(B2)	LOCHI	KO
11	ZS7	LOCO	RSY	EBF2	R1,D2(B2)	LOCHI	KO
11	ZS7	LOCP	RSY	EBF2	R1,D2(B2)	LOCHI	KO
11	ZS7	LOCZ	RSY	EBF2	R1,D2(B2)	LOCR	KO
9	ZS5	STOCE	RSY	EBF3	R1,D2(B2)	STOC	KO
9	ZS5	STOCH	RSY	EBF3	R1,D2(B2)	STOCG	KO
9	ZS5	STOCL	RSY	EBF3	R1,D2(B2)	STOCG	KO
11	ZS7	STOCM	RSY	EBF3	R1,D2(B2)	STOCG	KO
9	ZS5	STOCNE	RSY	EBF3	R1,D2(B2)	STOCG	KO
9	ZS5	STOCNH	RSY	EBF3	R1,D2(B2)	STOCG	KO
9	ZS5	STOCNL	RSY	EBF3	R1,D2(B2)	STOCG	KO
11	ZS7	STOCNM	RSY	EBF3	R1,D2(B2)	STOCG	KO
11	ZS7	STOCNO	RSY	EBF3	R1,D2(B2)	STOCG	KO
11	ZS7	STOCNP	RSY	EBF3	R1,D2(B2)	STOCG	KO
11	ZS7	STOCNZ	RSY	EBF3	R1,D2(B2)	STOCG	KO
11	ZS7	STOCO	RSY	EBF3	R1,D2(B2)	STOCG	KO
11	ZS7	STOCP	RSY	EBF3	R1,D2(B2)	STOCG	KO
11	ZS7	STOCZ	RSY	EBF3	R1,D2(B2)	STOCG	KO
11	ZS7	LOCHIE	RIE	EC42	R1,I2	LOCHI	KO
11	ZS7	LOCHIH	RIE	EC42	R1,I2	LOCHI	KO
11	ZS7	LOCHIL	RIE	EC42	R1,I2	LOCHI	KO
11	ZS7	LOCHIM	RIE	EC42	R1,I2	LOCHI	KO
11	ZS7	LOCHINE	RIE	EC42	R1,I2	LOCHI	KO
11	ZS7	LOCHINH	RIE	EC42	R1,I2	LOCHI	KO
11	ZS7	LOCHINL	RIE	EC42	R1,I2	LOCHI	KO
11	ZS7	LOCHINM	RIE	EC42	R1,I2	LOCHI	KO
11	ZS7	LOCHINO	RIE	EC42	R1,I2	LOCHI	KO
11	ZS7	LOCHINP	RIE	EC42	R1,I2	LOCHI	KO
11	ZS7	LOCHINZ	RIE	EC42	R1,I2	LOCHI	KO
11	ZS7	LOCHIO	RIE	EC42	R1,I2	LOCHI	KO
11	ZS7	LOCHIP	RIE	EC42	R1,I2	LOCHI	KO
11	ZS7	LOCHIZ	RIE	EC42	R1,I2	LOCHI	KO
5	ZOP	JXHG	RIE	EC44	R1,R3,RI2	IVSK	KO
5	ZOP	JXLEG	RIE	EC45	R1,R3,RI2	IVSK	KO
11	ZS7	LOCGHIE	RIE	EC46	R1,I2	LOCGHI	KO
11	ZS7	LOCGHIH	RIE	EC46	R1,I2	LOCGHI	KO
11	ZS7	LOCGHIL	RIE	EC46	R1,I2	LOCGHI	KO
11	ZS7	LOCGHIM	RIE	EC46	R1,I2	LOCGHI	KO
11	ZS7	LOCGHINE	RIE	EC46	R1,I2	LOCGHI	KO
11	ZS7	LOCGHINH	RIE	EC46	R1,I2	LOCGHI	KO
11	ZS7	LOCGHINL	RIE	EC46	R1,I2	LOCGHI	KO
11	ZS7	LOCGHINM	RIE	EC46	R1,I2	LOCGHI	KO
11	ZS7	LOCGHINO	RIE	EC46	R1,I2	LOCGHI	KO
11	ZS7	LOCGHINP	RIE	EC46	R1,I2	LOCGHI	KO
11	ZS7	LOCGHINZ	RIE	EC46	R1,I2	LOCGHI	KO
11	ZS7	LOCGHIO	RIE	EC46	R1,I2	LOCGHI	KO
11	ZS7	LOCGHIP	RIE	EC46	R1,I2	LOCGHI	KO
11	ZS7	LOCGHIZ	RIE	EC46	R1,I2	LOCGHI	KO
11	ZS7	LOCHHIE	RIE	EC4E	R1,I2	LOCHHI	KO
11	ZS7	LOCHHIH	RIE	EC4E	R1,I2	LOCHHI	KO
11	ZS7	LOCHHIL	RIE	EC4E	R1,I2	LOCHHI	KO
11	ZS7	LOCHHIM	RIE	EC4E	R1,I2	LOCHHI	KO
11	ZS7	LOCHHINE	RIE	EC4E	R1,I2	LOCHHI	KO
11	ZS7	LOCHHINH	RIE	EC4E	R1,I2	LOCHHI	KO
11	ZS7	LOCHHINL	RIE	EC4E	R1,I2	LOCHHI	KO
11	ZS7	LOCHHINM	RIE	EC4E	R1,I2	LOCHHI	KO
11	ZS7	LOCHHINO	RIE	EC4E	R1,I2	LOCHHI	KO
11	ZS7	LOCHHINP	RIE	EC4E	R1,I2	LOCHHI	KO
11	ZS7	LOCHHINZ	RIE	EC4E	R1,I2	LOCHHI	KO
11	ZS7	LOCHHIO	RIE	EC4E	R1,I2	LOCHHI	KO
11	ZS7	LOCHHIP	RIE	EC4E	R1,I2	LOCHHI	KO
11	ZS7	LOCHHIZ	RIE	EC4E	R1,I2	LOCHHI	KO
9	ZS5	LLCLHR	RIE	EC51	R1,R2	LLCH	KO
9	ZS5	LLHFR	RIE	EC51	R1,R2	LLH	KO
9	ZS5	LLHLHR	RIE	EC51	R1,R2	LLHH	KO
9	ZS5	RISBLGZ	RIE	EC51	R1,R2,I3,I4<,I5>	RISBLG	KO
9	ZS5	NHHR	RIE	EC54	R1,R2	NGRK	KO
9	ZS5	NHLR	RIE	EC54	R1,R2	NGRK	KO
9	ZS5	NLHR	RIE	EC54	R1,R2	NIY	KO
8	ZS4	RNSBGT	RIE	EC54	R1,R2,I3,I4<,I5>	RNSBG	KO
8	ZS4	RISBGZ	RIE	EC55	R1,R2,I3,I4<,I5>	RISBGN	KO
9	ZS5	OHHR	RIE	EC56	R1,R2	OGRK	KO
9	ZS5	OHLR	RIE	EC56	R1,R2	OGRK	KO
9	ZS5	OLHR	RIE	EC56	R1,R2	OIY	KO
8	ZS4	ROSBGT	RIE	EC56	R1,R2,I3,I4<,I5>	ROSBG	KO
8	ZS4	RXSBGT	RIE	EC57	R1,R2,I3,I4<,I5>	RXSBG	KO
9	ZS5	XHHR	RIE	EC57	R1,R2	XGRK	KO
9	ZS5	XHLR	RIE	EC57	R1,R2	XGRK	KO
9	ZS5	XLHR	RIE	EC57	R1,R2	XIY	KO
10	ZS6	RISBGNZ	RIE	EC59	R1,R2,I3,I4<,I5>	RISBGN	KO
9	ZS5	LHHR	RIE	EC5D	R1,R2	LHH	KO
9	ZS5	LHLR	RIE	EC5D	R1,R2	LHI	KO
9	ZS5	LLCHHR	RIE	EC5D	R1,R2	LLCH	KO
9	ZS5	LLCHLR	RIE	EC5D	R1,R2	LLCH	KO
9	ZS5	LLHHHR	RIE	EC5D	R1,R2	LLHH	KO
9	ZS5	LLHHLR	RIE	EC5D	R1,R2	LLHH	KO
9	ZS5	RISBHGZ	RIE	EC5D	R1,R2,I3,I4<,I5>	RISBHG	KO
8	ZS4	CGRJE	RIE	EC64	R1,R2,RI4	CGRJ	KO
8	ZS4	CGRJH	RIE	EC64	R1,R2,RI4	CGRJ	KO
8	ZS4	CGRJL	RIE	EC64	R1,R2,RI4	CGRJ	KO
8	ZS4	CGRJNE	RIE	EC64	R1,R2,RI4	CGRJ	KO
8	ZS4	CGRJNH	RIE	EC64	R1,R2,RI4	CGRJ	KO
8	ZS4	CGRJNL	RIE	EC64	R1,R2,RI4	CGRJ	KO
8	ZS4	CLGRJE	RIE	EC65	R1,R2,RI4	CLGRJ	KO
8	ZS4	CLGRJH	RIE	EC65	R1,R2,RI4	CLGRJ	KO
8	ZS4	CLGRJL	RIE	EC65	R1,R2,RI4	CLGRJ	KO
8	ZS4	CLGRJNE	RIE	EC65	R1,R2,RI4	CLGRJ	KO
8	ZS4	CLGRJNH	RIE	EC65	R1,R2,RI4	CLGRJ	KO
8	ZS4	CLGRJNL	RIE	EC65	R1,R2,RI4	CLGRJ	KO
8	ZS4	CGITE	RIE	EC70	R1,I2	CGIT	KO
8	ZS4	CGITH	RIE	EC70	R1,I2	CGIT	KO
8	ZS4	CGITL	RIE	EC70	R1,I2	CGIT	KO
8	ZS4	CGITNE	RIE	EC70	R1,I2	CGIT	KO
8	ZS4	CGITNH	RIE	EC70	R1,I2	CGIT	KO
8	ZS4	CGITNL	RIE	EC70	R1,I2	CGIT	KO
8	ZS4	CLGITE	RIE	EC71	R1,I2	CLGIT	KO
8	ZS4	CLGITH	RIE	EC71	R1,I2	CLGIT	KO
8	ZS4	CLGITL	RIE	EC71	R1,I2	CLGIT	KO
8	ZS4	CLGITNE	RIE	EC71	R1,I2	CLGIT	KO
8	ZS4	CLGITNH	RIE	EC71	R1,I2	CLGIT	KO
8	ZS4	CLGITNL	RIE	EC71	R1,I2	CLGIT	KO
8	ZS4	CITE	RIE	EC72	R1,I2	CIT	KO
8	ZS4	CITH	RIE	EC72	R1,I2	CIT	KO
8	ZS4	CITL	RIE	EC72	R1,I2	CIT	KO
8	ZS4	CITNE	RIE	EC72	R1,I2	CIT	KO
8	ZS4	CITNH	RIE	EC72	R1,I2	CIT	KO
8	ZS4	CITNL	RIE	EC72	R1,I2	CIT	KO
8	ZS4	CLFITE	RIE	EC73	R1,I2	CLFIT	KO
8	ZS4	CLFITH	RIE	EC73	R1,I2	CLFIT	KO
8	ZS4	CLFITL	RIE	EC73	R1,I2	CLFIT	KO
8	ZS4	CLFITNE	RIE	EC73	R1,I2	CLFIT	KO
8	ZS4	CLFITNH	RIE	EC73	R1,I2	CLFIT	KO
8	ZS4	CLFITNL	RIE	EC73	R1,I2	CLFIT	KO
8	ZS4	CRJE	RIE	EC76	R1,R2,RI4	CRJ	KO
8	ZS4	CRJH	RIE	EC76	R1,R2,RI4	CRJ	KO
8	ZS4	CRJL	RIE	EC76	R1,R2,RI4	CRJ	KO
8	ZS4	CRJNE	RIE	EC76	R1,R2,RI4	CRJ	KO
8	ZS4	CRJNH	RIE	EC76	R1,R2,RI4	CRJ	KO
8	ZS4	CRJNL	RIE	EC76	R1,R2,RI4	CRJ	KO
8	ZS4	CLRJE	RIE	EC77	R1,R2,RI4	CLRJ	KO
8	ZS4	CLRJH	RIE	EC77	R1,R2,RI4	CLRJ	KO
8	ZS4	CLRJL	RIE	EC77	R1,R2,RI4	CLRJ	KO
8	ZS4	CLRJNE	RIE	EC77	R1,R2,RI4	CLRJ	KO
8	ZS4	CLRJNH	RIE	EC77	R1,R2,RI4	CLRJ	KO
8	ZS4	CLRJNL	RIE	EC77	R1,R2,RI4	CLRJ	KO
8	ZS4	CGIJE	RIE	EC7C	R1,I2,RI4	CGIJ	KO
8	ZS4	CGIJH	RIE	EC7C	R1,I2,RI4	CGIJ	KO
8	ZS4	CGIJL	RIE	EC7C	R1,I2,RI4	CGIJ	KO
8	ZS4	CGIJNE	RIE	EC7C	R1,I2,RI4	CGIJ	KO
8	ZS4	CGIJNH	RIE	EC7C	R1,I2,RI4	CGIJ	KO
8	ZS4	CGIJNL	RIE	EC7C	R1,I2,RI4	CGIJ	KO
8	ZS4	CLGIJE	RIE	EC7D	R1,I2,RI4	CLGIJ	KO
8	ZS4	CLGIJH	RIE	EC7D	R1,I2,RI4	CLGIJ	KO
8	ZS4	CLGIJL	RIE	EC7D	R1,I2,RI4	CLGIJ	KO
8	ZS4	CLGIJNE	RIE	EC7D	R1,I2,RI4	CLGIJ	KO
8	ZS4	CLGIJNH	RIE	EC7D	R1,I2,RI4	CLGIJ	KO
8	ZS4	CLGIJNL	RIE	EC7D	R1,I2,RI4	CLGIJ	KO
8	ZS4	CIJE	RIE	EC7E	R1,I2,RI4	CIJ	KO
8	ZS4	CIJH	RIE	EC7E	R1,I2,RI4	CIJ	KO
8	ZS4	CIJL	RIE	EC7E	R1,I2,RI4	CIJ	KO
8	ZS4	CIJNE	RIE	EC7E	R1,I2,RI4	CIJ	KO
8	ZS4	CIJNH	RIE	EC7E	R1,I2,RI4	CIJ	KO
8	ZS4	CIJNL	RIE	EC7E	R1,I2,RI4	CIJ	KO
8	ZS4	CLIJE	RIE	EC7F	R1,I2,RI4	CLIJ	KO
8	ZS4	CLIJH	RIE	EC7F	R1,I2,RI4	CLIJ	KO
8	ZS4	CLIJL	RIE	EC7F	R1,I2,RI4	CLIJ	KO
8	ZS4	CLIJNE	RIE	EC7F	R1,I2,RI4	CLIJ	KO
8	ZS4	CLIJNH	RIE	EC7F	R1,I2,RI4	CLIJ	KO
8	ZS4	CLIJNL	RIE	EC7F	R1,I2,RI4	CLIJ	KO
8	ZS4	CGRBE	RRS	ECE4	R1,R2,D4(B4)	CGRB	KO
8	ZS4	CGRBH	RRS	ECE4	R1,R2,D4(B4)	CGRB	KO
8	ZS4	CGRBL	RRS	ECE4	R1,R2,D4(B4)	CGRB	KO
8	ZS4	CGRBNE	RRS	ECE4	R1,R2,D4(B4)	CGRB	KO
8	ZS4	CGRBNH	RRS	ECE4	R1,R2,D4(B4)	CGRB	KO
8	ZS4	CGRBNL	RRS	ECE4	R1,R2,D4(B4)	CGRB	KO
8	ZS4	CLGRBE	RRS	ECE5	R1,R2,D4(B4)	CLGRB	KO
8	ZS4	CLGRBH	RRS	ECE5	R1,R2,D4(B4)	CLGRB	KO
8	ZS4	CLGRBL	RRS	ECE5	R1,R2,D4(B4)	CLGRB	KO
8	ZS4	CLGRBNE	RRS	ECE5	R1,R2,D4(B4)	CLGRB	KO
8	ZS4	CLGRBNH	RRS	ECE5	R1,R2,D4(B4)	CLGRB	KO
8	ZS4	CLGRBNL	RRS	ECE5	R1,R2,D4(B4)	CLGRB	KO
8	ZS4	CRBE	RRS	ECF6	R1,R2,D4(B4)	CRB	KO
8	ZS4	CRBH	RRS	ECF6	R1,R2,D4(B4)	CRB	KO
8	ZS4	CRBL	RRS	ECF6	R1,R2,D4(B4)	CRB	KO
8	ZS4	CRBNE	RRS	ECF6	R1,R2,D4(B4)	CRB	KO
8	ZS4	CRBNH	RRS	ECF6	R1,R2,D4(B4)	CRB	KO
8	ZS4	CRBNL	RRS	ECF6	R1,R2,D4(B4)	CRB	KO
8	ZS4	CLRBE	RRS	ECF7	R1,R2,D4(B4)	CLRB	KO
8	ZS4	CLRBH	RRS	ECF7	R1,R2,D4(B4)	CLRB	KO
8	ZS4	CLRBL	RRS	ECF7	R1,R2,D4(B4)	CLRB	KO
8	ZS4	CLRBNE	RRS	ECF7	R1,R2,D4(B4)	CLRB	KO
8	ZS4	CLRBNH	RRS	ECF7	R1,R2,D4(B4)	CLRB	KO
8	ZS4	CLRBNL	RRS	ECF7	R1,R2,D4(B4)	CLRB	KO
8	ZS4	CGIBE	RIS	ECFC	R1,I2,D4(B4)	CGIB	KO
8	ZS4	CGIBH	RIS	ECFC	R1,I2,D4(B4)	CGIB	KO
8	ZS4	CGIBL	RIS	ECFC	R1,I2,D4(B4)	CGIB	KO
8	ZS4	CGIBNE	RIS	ECFC	R1,I2,D4(B4)	CGIB	KO
8	ZS4	CGIBNH	RIS	ECFC	R1,I2,D4(B4)	CGIB	KO
8	ZS4	CGIBNL	RIS	ECFC	R1,I2,D4(B4)	CGIB	KO
8	ZS4	CLGIBE	RIS	ECFD	R1,I2,D4(B4)	CLGIB	KO
8	ZS4	CLGIBH	RIS	ECFD	R1,I2,D4(B4)	CLGIB	KO
8	ZS4	CLGIBL	RIS	ECFD	R1,I2,D4(B4)	CLGIB	KO
8	ZS4	CLGIBNE	RIS	ECFD	R1,I2,D4(B4)	CLGIB	KO
8	ZS4	CLGIBNH	RIS	ECFD	R1,I2,D4(B4)	CLGIB	KO
8	ZS4	CLGIBNL	RIS	ECFD	R1,I2,D4(B4)	CLGIB	KO
8	ZS4	CIBE	RIS	ECFE	R1,I2,D4(B4)	CIB	KO
8	ZS4	CIBH	RIS	ECFE	R1,I2,D4(B4)	CIB	KO
8	ZS4	CIBL	RIS	ECFE	R1,I2,D4(B4)	CIB	KO
8	ZS4	CIBNE	RIS	ECFE	R1,I2,D4(B4)	CIB	KO
8	ZS4	CIBNH	RIS	ECFE	R1,I2,D4(B4)	CIB	KO
8	ZS4	CIBNL	RIS	ECFE	R1,I2,D4(B4)	CIB	KO
8	ZS4	CLIBE	RIS	ECFF	R1,I2,D4(B4)	CLIB	KO
8	ZS4	CLIBH	RIS	ECFF	R1,I2,D4(B4)	CLIB	KO
8	ZS4	CLIBL	RIS	ECFF	R1,I2,D4(B4)	CLIB	KO
8	ZS4	CLIBNE	RIS	ECFF	R1,I2,D4(B4)	CLIB	KO
8	ZS4	CLIBNH	RIS	ECFF	R1,I2,D4(B4)	CLIB	KO
8	ZS4	CLIBNL	RIS	ECFF	R1,I2,D4(B4)	CLIB	KO
